NodeNo,g50_250,g50_500,g50_1000,g50_2000,g50_4000,g50_6000,g80_250,g80_500,g80_1000,g80_2000,g80_4000,g80_6000,g65_250,g65_500,g65_1000,g65_2000,g65_4000,g65_6000,CR_250,CR_500,CR_1000,CR_2000,CR_4000,CR_6000,kneelow_250,kneelow_500,kneelow_1000,kneelow_2000,kneelow_4000,kneelow_6000,mpoband_250,mpoband_500,mpoband_1000,mpoband_2000,mpoband_4000,mpoband_6000,audiogram_500,audiogram_1000,audiogram_2000,audiogram_3000,audiogram_4000,audiogram_6000,audiogram_8000,cal_g65_250,cal_g65_500,cal_g65_1000,cal_g65_2000,cal_g65_4000,cal_g65_6000,cal_CR_250,cal_CR_500,cal_CR_1000,cal_CR_2000,cal_CR_4000,cal_CR_6000,cal_kneelow_250,cal_kneelow_250,cal_kneelow_1000,cal_kneelow_2000,cal_kneelow_4000,cal_kneelow_6000
1,0,0,0,7.10543E-15,0,0,0,0,0,0,0,0,0,0,0,0,0,0,1,1,1,1,1,1,52,52,52,52,52,52,82.5001,87.6075,87.8695,91.3527,92.6797,93.3285,8.29788,5.23345,5.28549,5.45667,6.47549,11.1226,9.1788,8,5,1,4,6,7,1,1,1.123,1.163,1.24,0.9,20,25,30,30,35,40
2,0,0,0.726639,1.49308,4.96834,4.77161,0,0,0,0,0,0,0,0,0,0,0,0,1,1,1.02482,1.05238,1.19848,1.18914,52,52,52,52,52,52,83.7905,89.0269,89.6537,93.2019,95.6148,97.2877,13.4593,11.2815,12.1344,15.2158,18.7051,25.9376,25.6753,8,5,1,4,6,7,1,1,1.15087286,1.22391794,1.4861152,1.070226,20,25,30,30,35,40
3,0.528061,0.919955,4.55458,5.8332,10.9204,11.3411,0,0,0,0,0,0,0,0,1.85177,0,3.43515,4.71785,1.01792,1.03164,1.17899,1.24137,1.57236,1.60781,52,52,52,52,52,52,84.7137,90.0425,91.0588,95.2301,99.1932,101.752,17.1522,16.0448,19.6463,27.7164,33.6149,39.9567,44.2776,8,5,2.85177,4,9.43515,11.71785,1.01792,1.03164,1.32400577,1.44371331,1.9497264,1.447029,20,25,30,30,35,40
4,3.85274,4.04987,10.6817,11.9122,17.0431,17.5322,0,0,0,0,0,2.37991,0,0,5.72954,3.94361,7.85956,9.6049,1.14735,1.15606,1.55293,1.65857,2.31537,2.02051,52,52,52,52,52,52,86.1411,91.6126,93.2749,98.3991,103.212,109.961,22.8617,23.557,31.3832,42.4093,50.3607,60.5551,68.1888,8,5,6.72954,7.94361,13.85956,16.6049,1.14735,1.15606,1.74394039,1.92891691,2.8710588,1.818459,20,25,30,30,35,40
5,5.94909,6.25696,14.2046,16.2896,21.5417,21.9339,0,0,0,0,2.77779,5.85528,0.0847686,0,6.98012,6.92143,12.2224,13.7793,1.24735,1.26353,1.89929,2.18812,2.66998,2.15497,52,52,52,52,52,52,87.7645,93.3984,95.5685,101.634,108.707,120.01,29.3554,31.3319,43.3654,56.2429,65.7051,79.5691,88.0876,8.0847686,5,7.98012,10.92143,18.2224,20.7793,1.24735,1.26353,2.13290267,2.54478356,3.3107752,1.939473,20,25,30,30,35,40
6,0,0,0,7.10543E-15,0.907276,0.244371,0,0,0,0,0,0,0,0,0,0,0,0,1,1,1,1,1.03119,1.00821,52,52,52,52,52,52,83.1184,88.2877,88.7515,92.2333,93.8057,94.5333,10.771,8.22342,8.5471,9.73754,11.1668,15.4382,14.1987,8,5,1,4,6,7,1,1,1.123,1.163,1.2786756,0.907389,20,25,30,30,35,40
7,0,0,0,7.10543E-15,0,0,0,0,0,0,0,0,0,0,0,0,0,0,1,1,1,1,1,1,52,52,52,52,52,52,81.9538,87.0066,87.0901,90.5745,91.6848,92.2639,6.11248,2.59132,2.40332,1.67381,2.32994,7.30905,4.7429,8,5,1,4,6,7,1,1,1.123,1.163,1.24,0.9,20,25,30,30,35,40
8,0.121384,0.46964,3.4744,4.94739,7.72729,7.36899,0,0,0,0,0,0,0,0,0.77263,0,1.06484,1.59844,1.00406,1.0159,1.13098,1.19748,1.34694,1.32561,52,52,52,52,52,52,84.5488,89.8612,90.9721,94.8215,97.2545,97.6727,16.4929,15.7509,18.1328,22.3507,25.537,27.2928,27.2794,8,5,1.77263,4,7.06484,8.59844,1.00406,1.0159,1.27009054,1.39266924,1.6702056,1.193049,20,25,30,30,35,40
9,0,0,0,7.10543E-15,2.36416,2.25426,0,0,0,0,0,0,0,0,0,0,0,0,1,1,1,1,1.08555,1.08125,52,52,52,52,52,52,83.1354,88.3064,88.5149,91.8031,94.1986,96.9552,10.8391,7.42109,6.95343,9.05312,12.8041,24.7671,24.2898,8,5,1,4,6,7,1,1,1.123,1.163,1.346082,0.973125,20,25,30,30,35,40
10,1.53652,1.81084,7.57068,10.4751,15.0174,15.028,0,0,0,0,0,0,0,0,3.48779,2.79662,6.48267,7.79161,1.05398,1.06424,1.33753,1.5365,2.00232,2.00375,52,52,52,52,52,52,85.5249,90.9348,92.4254,97.2988,101.794,101.794,20.3971,20.6771,27.3079,39.5475,44.4499,44.4368,44.4499,8,5,4.48779,6.79662,12.48267,14.79161,1.05398,1.06424,1.50204619,1.7869495,2.4828768,1.803375,20,25,30,30,35,40
11,0,0.188295,2.01231,2.14883,7.54272,7.95306,0,0,0,0,0,0,0,0,0.545146,0,0.682879,1.70678,1,1.00632,1.0719,1.07715,1.33587,1.36073,52,52,52,52,52,52,84.0268,89.2869,89.9017,93.4785,96.9913,101.717,14.4046,12.1224,13.1588,17.6985,24.4405,36.1632,44.1318,8,5,1.545146,4,6.682879,8.70678,1,1.00632,1.2037437,1.25272545,1.6564788,1.224657,20,25,30,30,35,40
12,5.19186,5.72902,14.2645,17.5818,21.0914,21.382,0,0,0,0,0.937776,4.05332,0,0,6.95537,7.9894,11.0479,12.6683,1.20928,1.23604,1.90652,2.41582,3.0468,2.36755,52,52,52,52,52,52,88.0159,93.675,96.1885,102.207,106.43,110.492,30.3612,33.4334,45.487,56.039,61.1972,66.2541,69.2411,8,5,7.95537,11.9894,17.0479,19.6683,1.20928,1.23604,2.14102196,2.80959866,3.778032,2.130795,20,25,30,30,35,40
13,0.51971,1.55176,5.8016,5.20751,12.4264,12.649,0,0,0,0,0,0,0,0,3.09357,0,4.42298,5.96078,1.01763,1.05455,1.23975,1.21004,1.7071,1.72901,52,52,52,52,52,52,84.5403,89.8518,90.7874,95.1479,100.992,109.507,16.4588,15.1247,19.3416,30.7727,41.1088,55.6895,67.2904,8,5,4.09357,4,10.42298,12.96078,1.01763,1.05455,1.39223925,1.40727652,2.116804,1.556109,20,25,30,30,35,40
14,8.18174,9.87251,18.2932,21.655,24.9176,24.7667,0,0,0,0.636087,5.34699,8.01104,0.0975272,0.94517,8.47297,11.3292,15.588,16.6872,1.375,1.4905,2.56262,3.34034,2.87648,2.26512,52,52,52,52,52,52,90.8254,96.7654,99.8699,107.001,113.353,120.133,41.5991,45.9126,61.3105,68.7754,74.9064,83.4399,88.3307,8.0975272,5.94517,9.47297,15.3292,21.588,23.6872,1.375,1.4905,2.87782226,3.88481542,3.5668352,2.038608,20,25,30,30,35,40
15,3.1398,3.62787,9.84699,10.0727,18.7053,18.6196,0,0,0,0,1.53665,4.50321,0,0,5.41174,3.15529,9.80373,11.0519,1.11689,1.13756,1.48861,1.50548,2.33803,1.88874,52,52,52,52,52,52,85.193,90.5697,91.955,97.5638,105.04,119.907,19.0695,19.0826,28.2896,45.7143,57.9751,76.3172,87.8834,8,5,6.41174,7.15529,15.80373,18.0519,1.11689,1.13756,1.67170903,1.75087324,2.8991572,1.699866,20,25,30,30,35,40
16,0,0,0,7.10543E-15,0.907276,0.244371,0,0,0,0,0,0,0,0,0,0,0,0,1,1,1,1,1.03119,1.00821,52,52,52,52,52,52,83.1184,88.2877,88.7515,92.2333,93.8057,94.5333,10.771,8.22342,8.5471,9.73754,11.1668,15.4382,14.1987,8,5,1,4,6,7,1,1,1.123,1.163,1.2786756,0.907389,20,25,30,30,35,40
17,0,0,0,7.10543E-15,0,0,0,0,0,0,0,0,0,0,0,0,0,0,1,1,1,1,1,1,52,52,52,52,52,52,81.9538,87.0066,87.0901,90.5745,91.6848,92.2639,6.11248,2.59132,2.40332,1.67381,2.32994,7.30905,4.7429,8,5,1,4,6,7,1,1,1.123,1.163,1.24,0.9,20,25,30,30,35,40
18,0,0,0,0.40566,2.47646,1.77025,0,0,0,0,0,0,0,0,0,0,0,0,1,1,1,1.01371,1.08998,1.06271,52,52,52,52,52,52,83.4926,88.6993,89.3539,92.8629,94.5996,95.1309,12.2678,10.2652,10.8786,12.7098,14.4749,17.4934,16.6887,8,5,1,4,6,7,1,1,1.123,1.17894473,1.3515752,0.956439,20,25,30,30,35,40
19,0,0,0,7.10543E-15,0,0,0,0,0,0,0,0,0,0,0,0,0,0,1,1,1,1,1,1,52,52,52,52,52,52,82.9978,88.155,88.4333,92.0635,93.1658,92.5017,10.2885,7.14448,7.91799,7.45684,8.50068,8.40186,5.73376,8,5,1,4,6,7,1,1,1.123,1.163,1.24,0.9,20,25,30,30,35,40
20,0.121384,0.46964,3.4744,4.94739,7.72729,7.36899,0,0,0,0,0,0,0,0,0.77263,0,1.06484,1.59844,1.00406,1.0159,1.13098,1.19748,1.34694,1.32561,52,52,52,52,52,52,84.5488,89.8612,90.9721,94.8215,97.2545,97.6727,16.4929,15.7509,18.1328,22.3507,25.537,27.2928,27.2794,8,5,1.77263,4,7.06484,8.59844,1.00406,1.0159,1.27009054,1.39266924,1.6702056,1.193049,20,25,30,30,35,40
21,0,0,0,7.10543E-15,2.36416,2.25426,0,0,0,0,0,0,0,0,0,0,0,0,1,1,1,1,1.08555,1.08125,52,52,52,52,52,52,83.1354,88.3064,88.5149,91.8031,94.1986,96.9552,10.8391,7.42109,6.95343,9.05312,12.8041,24.7671,24.2898,8,5,1,4,6,7,1,1,1.123,1.163,1.346082,0.973125,20,25,30,30,35,40
22,2.61427,2.63266,5.91736,6.7796,7.93243,8.13679,0,0,0,0,0,0,0,0,2.68254,0.527256,1.14603,1.95187,1.09546,1.0962,1.24571,1.29197,1.35946,1.37217,52,52,52,52,52,52,85.6012,91.0188,92.1693,95.6832,96.8472,98.1626,20.7023,19.8092,21.3244,22.7634,23.8397,28.1985,29.3206,8,5,3.68254,4.527256,7.14603,8.95187,1.09546,1.0962,1.39893233,1.50256111,1.6857304,1.234953,20,25,30,30,35,40
23,0,0,0,0.75732,6.71775,4.82075,0,0,0,0,0,0,0,0,0,0,0.603988,0.243196,1,1,1,1.0259,1.28854,1.19146,52,52,52,52,52,52,82.6225,87.7422,88.7148,92.9399,98.2605,96.1898,8.78758,8.09893,11.1639,20.3589,29.7284,25.9214,21.1009,8,5,1,4,6.603988,7.243196,1,1,1.123,1.1931217,1.5977896,1.072314,20,25,30,30,35,40
24,1.53652,1.81084,7.57068,10.4751,15.0174,15.028,0,0,0,0,0,0,0,0,3.48779,2.79662,6.48267,7.79161,1.05398,1.06424,1.33753,1.5365,2.00232,2.00375,52,52,52,52,52,52,85.5249,90.9348,92.4254,97.2988,101.794,101.794,20.3971,20.6771,27.3079,39.5475,44.4499,44.4368,44.4499,8,5,4.48779,6.79662,12.48267,14.79161,1.05398,1.06424,1.50204619,1.7869495,2.4828768,1.803375,20,25,30,30,35,40
25,0,0.188295,2.01231,2.14883,7.54272,7.95306,0,0,0,0,0,0,0,0,0.545146,0,0.682879,1.70678,1,1.00632,1.0719,1.07715,1.33587,1.36073,52,52,52,52,52,52,84.0268,89.2869,89.9017,93.4785,96.9913,101.717,14.4046,12.1224,13.1588,17.6985,24.4405,36.1632,44.1318,8,5,1.545146,4,6.682879,8.70678,1,1.00632,1.2037437,1.25272545,1.6564788,1.224657,20,25,30,30,35,40
26,7.569,7.79022,13.4281,14.3913,15.3468,16.3973,0,0,0.0151976,0,0,0,0.488245,0.578662,7.22254,6.13279,6.9204,8.867,1.33743,1.35076,1.80863,1.92201,2.04733,2.20545,52,52,52,52,52,52,88.1456,93.8176,95.8622,99.7642,101.243,102.382,30.8799,32.3273,36.4391,39.9589,42.1546,44.6628,46.8997,8.488245,5.578662,8.22254,10.13279,12.9204,15.867,1.33743,1.35076,2.03109149,2.23529763,2.5386892,1.984905,20,25,30,30,35,40
27,0,0,1.2252,4.64908,11.8994,7.80832,0,0,0,0,0,0,0,0,0,0,4.54623,3.16047,1,1,1.04258,1.18339,1.6574,1.35186,52,52,52,52,52,52,83.305,88.4929,89.519,94.4733,102.175,96.5635,11.5173,10.8248,16.8432,35.9572,46.0387,32.5662,22.6578,8,5,1,4,10.54623,10.16047,1,1,1.17081734,1.37628257,2.055176,1.216674,20,25,30,30,35,40
28,5.19186,5.72902,14.2645,17.5818,21.0914,21.382,0,0,0,0,0.937776,4.05332,0,0,6.95537,7.9894,11.0479,12.6683,1.20928,1.23604,1.90652,2.41582,3.0468,2.36755,52,52,52,52,52,52,88.0159,93.675,96.1885,102.207,106.43,110.492,30.3612,33.4334,45.487,56.039,61.1972,66.2541,69.2411,8,5,7.95537,11.9894,17.0479,19.6683,1.20928,1.23604,2.14102196,2.80959866,3.778032,2.130795,20,25,30,30,35,40
29,0.51971,1.55176,5.8016,5.20751,12.4264,12.649,0,0,0,0,0,0,0,0,3.09357,0,4.42298,5.96078,1.01763,1.05455,1.23975,1.21004,1.7071,1.72901,52,52,52,52,52,52,84.5403,89.8518,90.7874,95.1479,100.992,109.507,16.4588,15.1247,19.3416,30.7727,41.1088,55.6895,67.2904,8,5,4.09357,4,10.42298,12.96078,1.01763,1.05455,1.39223925,1.40727652,2.116804,1.556109,20,25,30,30,35,40
30,10.9985,12.488,18.5491,18.3673,19.3628,20.5014,0,0,0,0,0,2.57338,2.58452,3.02627,8.5965,7.97047,9.32594,11.505,1.57883,1.71312,2.61988,2.57893,2.8203,2.4851,52,52,52,52,52,52,92.0913,98.1579,100.966,104.531,105.814,110.694,46.6628,49.6279,54.093,56.5349,59.9767,65.4884,69.6395,10.58452,8.02627,9.5965,11.97047,15.32594,18.505,1.57883,1.71312,2.94212524,2.99929559,3.497172,2.23659,20,25,30,30,35,40
31,1.38554,2.06721,11.7035,17.4823,21.8213,21.7222,0,0,0,0,1.47889,4.57239,0,0,5.96103,8.1959,11.7148,13.1172,1.04842,1.07401,1.63966,2.39661,3.10636,2.33459,52,52,52,52,52,52,85.9032,91.3509,93.7955,101.393,106.53,110.652,21.9102,25.3217,42.4732,55.8981,61.3941,66.3807,69.5576,8,5,6.96103,12.1959,17.7148,20.1172,1.04842,1.07401,1.84133818,2.78725743,3.8518864,2.101131,20,25,30,30,35,40
32,8.18174,9.87251,18.2932,21.655,24.9176,24.7667,0,0,0,0.636087,5.34699,8.01104,0.0975272,0.94517,8.47297,11.3292,15.588,16.6872,1.375,1.4905,2.56262,3.34034,2.87648,2.26512,52,52,52,52,52,52,90.8254,96.7654,99.8699,107.001,113.353,120.133,41.5991,45.9126,61.3105,68.7754,74.9064,83.4399,88.3307,8.0975272,5.94517,9.47297,15.3292,21.588,23.6872,1.375,1.4905,2.87782226,3.88481542,3.5668352,2.038608,20,25,30,30,35,40
33,3.1398,3.62787,9.84699,10.0727,18.7053,18.6196,0,0,0,0,1.53665,4.50321,0,0,5.41174,3.15529,9.80373,11.0519,1.11689,1.13756,1.48861,1.50548,2.33803,1.88874,52,52,52,52,52,52,85.193,90.5697,91.955,97.5638,105.04,119.907,19.0695,19.0826,28.2896,45.7143,57.9751,76.3172,87.8834,8,5,6.41174,7.15529,15.80373,18.0519,1.11689,1.13756,1.67170903,1.75087324,2.8991572,1.699866,20,25,30,30,35,40
34,14.3746,18.4736,25.1827,25.4404,26.8806,27.3372,0,0,2.77275,3.52731,7.62212,10.1698,6.88174,9.33086,13.9578,14.6227,17.8118,19.2717,1.91995,2.60272,3.95257,3.7097,2.79289,2.33779,52,52,52,52,52,52,95.4958,101.992,105.73,110.672,114.069,120.227,60.0988,62.8656,68.4387,70.9289,76.3241,83.3004,88.5178,14.88174,14.33086,14.9578,18.6227,23.8118,26.2717,1.91995,2.60272,4.43873611,4.3143811,3.4631836,2.104011,20,25,30,30,35,40
35,3.58302,4.91158,15.0258,20.3191,23.874,23.6124,0,0,0,0.260646,4.29498,7.26416,0,0,7.04606,10.501,14.3595,15.5651,1.13563,1.19577,2.00344,3.01765,2.8788,2.19751,52,52,52,52,52,52,87.6554,93.2783,96.4329,104.705,111.353,120.178,28.9189,34.262,54.7401,64.4491,70.9459,81.9751,88.42,8,5,8.04606,14.501,20.3595,22.5651,1.13563,1.19577,2.24986312,3.50952695,3.569712,1.977759,20,25,30,30,35,40
36,0,0,0,7.10543E-15,0,0,0,0,0,0,0,0,0,0,0,0,0,0,1,1,1,1,1,1,52,52,52,52,52,52,82.0948,87.1617,87.2827,90.6256,92.0751,94.4743,6.67664,3.24428,2.59243,3.18337,3.95597,15.3035,13.9528,8,5,1,4,6,7,1,1,1.123,1.163,1.24,0.9,20,25,30,30,35,40
37,0,0,0,7.10543E-15,0,0,0,0,0,0,0,0,0,0,0,0,0,0,1,1,1,1,1,1,52,52,52,52,52,52,81.6396,86.661,86.7319,90.1963,91.2822,91.5139,4.85572,1.37704,1.00255,0.0127307,0.652451,4.38999,1.61787,8,5,1,4,6,7,1,1,1.123,1.163,1.24,0.9,20,25,30,30,35,40
38,0,0,1.87863,2.32744,3.20104,2.62334,0,0,0,0,0,0,0,0,0,0,0,0,1,1,1.0668,1.08411,1.11945,1.09582,52,52,52,52,52,52,84.2281,89.5083,90.3574,93.7807,94.8356,95.3763,15.2097,13.6669,14.278,14.5207,15.4584,17.5914,17.7112,8,5,1,4,6,7,1,1,1.1980164,1.26081993,1.388118,0.986238,20,25,30,30,35,40
39,0,0,0,7.10543E-15,1.8912,0.538171,0,0,0,0,0,0,0,0,0,0,0,0,1,1,1,1,1.06728,1.01827,52,52,52,52,52,52,82.0124,87.0711,87.6665,91.721,94.8707,94.3472,6.34724,4.54545,6.64948,11.8041,15.6045,16.1246,13.4231,8,5,1,4,6,7,1,1,1.123,1.163,1.3234272,0.916443,20,25,30,30,35,40
40,0,0,0.566966,7.10543E-15,0,0,0,0,0,0,0,0,0,0,0,0,0,0,1,1,1.01926,1,1,1,52,52,52,52,52,52,84.2234,89.5032,89.6693,92.5664,92.864,92.6032,15.191,11.3345,9.78059,7.36706,7.24316,11.0015,6.15643,8,5,1,4,6,7,1,1,1.14462898,1.163,1.24,0.9,20,25,30,30,35,40
41,0,0,0,7.10543E-15,0,0,0,0,0,0,0,0,0,0,0,0,0,0,1,1,1,1,1,1,52,52,52,52,52,52,82.2208,87.3004,87.5642,91.6578,93.0317,92.286,7.18083,4.19855,6.41563,6.71365,7.94201,4.34354,4.83488,8,5,1,4,6,7,1,1,1.123,1.163,1.24,0.9,20,25,30,30,35,40
42,0,0,0,7.10543E-15,0,0,0,0,0,0,0,0,0,0,0,0,0,0,1,1,1,1,1,1,52,52,52,52,52,52,82.8194,87.9588,88.1485,91.3034,92.5104,95.2819,9.57525,6.17921,5.10279,5.25989,5.76998,17.3216,17.3177,8,5,1,4,6,7,1,1,1.123,1.163,1.24,0.9,20,25,30,30,35,40
43,0,0,0,7.10543E-15,0,0,0,0,0,0,0,0,0,0,0,0,0,0,1,1,1,1,1,1,52,52,52,52,52,52,81.5015,86.5091,86.8296,90.2423,91.491,94.5062,4.30354,1.70826,1.17287,0.936933,1.52223,8.33711,14.0858,8,5,1,4,6,7,1,1,1.123,1.163,1.24,0.9,20,25,30,30,35,40
44,0,0,0,7.10543E-15,2.44526,2.79833,0,0,0,0,0,0,0,0,0,0,0,0,1,1,1,1,1.08874,1.10287,52,52,52,52,52,52,82.9288,88.0791,88.6678,92.2232,94.1593,99.0265,10.0127,7.93949,8.50955,10.0828,12.6401,22.2197,32.9204,8,5,1,4,6,7,1,1,1.123,1.163,1.3500376,0.992583,20,25,30,30,35,40
45,0,0,0,7.10543E-15,0.972147,0.155201,0,0,0,0,0,0,0,0,0,0,0,0,1,1,1,1,1.03349,1.0052,52,52,52,52,52,52,83.989,89.2453,88.8162,91.6512,93.4058,94.3402,14.2535,8.44253,6.39098,7.55639,9.50054,29.044,13.3942,8,5,1,4,6,7,1,1,1.123,1.163,1.2815276,0.90468,20,25,30,30,35,40
46,3.02867,3.05128,7.1087,8.48516,9.02318,9.08423,0,0,0,0,0,0,0,0,3.40341,1.81113,1.94899,2.81118,1.11229,1.11323,1.31054,1.39439,1.43015,1.43432,52,52,52,52,52,52,85.8579,91.3012,92.7951,96.5388,97.504,98.1956,21.7292,21.9306,24.4931,25.8125,26.5764,28.6806,29.4583,8,5,4.40341,5.81113,7.94899,9.81118,1.11229,1.11323,1.47173642,1.62167557,1.773386,1.290888,20,25,30,30,35,40
47,5.44468,6.36361,6.49584,2.78626,2.18929,1.92736,0,0,0,0,0,0,0,0.23666,2.68097,0,0,0,1.22173,1.26923,1.27637,1.10238,1.07872,1.06866,52,52,52,52,52,52,87.4918,93.0984,92.2343,93.92,94.1362,94.955,28.2647,20.0294,14.7941,12.6324,12.5441,17.8382,15.9559,8,5.23666,3.68097,4,6,7,1.22173,1.26923,1.43336351,1.28206794,1.3376128,0.961794,20,25,30,30,35,40
48,0,0,0,2.36176,8.16588,7.52456,0,0,0,0,0,0,0,0,0,0,1.30225,1.85774,1,1,1,1.08545,1.374,1.33479,52,52,52,52,52,52,82.72,87.8494,88.9351,93.5782,98.1611,98.4642,9.17749,8.8456,13.5281,23.3117,29.3146,30.9235,30.5772,8,5,1,4,7.30225,8.85774,1,1,1.123,1.26237835,1.70376,1.201311,20,25,30,30,35,40
49,0,0,0,7.10543E-15,5.05624,1.5988,0,0,0,0,0,0,0,0,0,0,0,0,1,1,1,1,1.20271,1.05629,52,52,52,52,52,52,82.7129,87.8416,88.7142,92.6799,98.5895,94.0164,9.14894,8.09693,10.2009,17.5414,31.0993,18.5106,12.0449,8,5,1,4,6,7,1,1,1.123,1.163,1.4913604,0.950661,20,25,30,30,35,40
50,0,0,0.95615,1.40711,4.41463,4.88966,0,0,0,0,0,0,0,0,0,0,0,0,1,1,1.03292,1.04921,1.17255,1.19473,52,52,52,52,52,52,83.8197,89.0591,89.77,93.2215,95.0858,99.3811,13.5761,11.6758,12.207,13.4337,16.5005,24.9836,34.3976,8,5,1,4,6,7,1,1,1.15996916,1.22023123,1.453962,1.075257,20,25,30,30,35,40
51,0,0,0,7.10543E-15,0.394491,0.762255,0,0,0,0,0,0,0,0,0,0,0,0,1,1,1,1,1.01332,1.02607,52,52,52,52,52,52,82.2919,87.3785,87.8761,91.418,93.1349,98.9191,7.46512,5.25581,5.52713,6.78295,8.37209,16.814,32.4729,8,5,1,4,6,7,1,1,1.123,1.163,1.2565168,0.923463,20,25,30,30,35,40
52,0,0,3.91443,5.67296,12.5798,12.6597,0,0,0,0,0,0,0,0,1.40565,0,4.41513,5.73224,1,1,1.15006,1.2332,1.72214,1.73008,52,52,52,52,52,52,84.051,89.3135,90.3469,95.1501,100.809,103.373,14.5015,13.6315,19.35,31.7204,40.347,47.5415,51.0313,8,5,2.40565,4,10.41513,12.73224,1,1,1.29151738,1.4342116,2.1354536,1.557072,20,25,30,30,35,40
53,0.129388,0.379665,1.8474,1.62034,5.7341,6.25503,0,0,0,0,0,0,0,0,0.804678,0,0,0.115082,1.00433,1.01282,1.06562,1.0571,1.2363,1.26343,52,52,52,52,52,52,84.1298,89.4002,89.8894,93.3545,95.6403,102.165,14.8168,12.0806,12.6995,15.0244,18.8111,34.263,45.9976,8,5,1.804678,4,6,7.115082,1.00433,1.01282,1.19669126,1.2294073,1.533012,1.137087,20,25,30,30,35,40
54,7.5482,7.85348,14.606,16.0364,16.9822,17.7412,0,0,0,0,0,0.593293,0,0,7.23483,7.09798,7.71731,9.68916,1.3362,1.35461,1.94881,2.14845,2.30454,2.33425,52,52,52,52,52,52,88.7826,94.5183,97.2368,101.486,102.722,103.047,33.4279,36.9869,42.8166,46.8559,48.3188,49.3668,49.6725,8,5,8.23483,11.09798,13.71731,16.68916,1.3362,1.35461,2.18851363,2.49864735,2.8576296,2.100825,20,25,30,30,35,40
55,8.94962,9.51207,12.4003,10.3768,10.7561,12.3459,0,0,0.984953,0,0,0,2.15992,2.46171,7.2432,3.34891,3.57933,5.1677,1.42515,1.46428,1.61424,1.5288,1.55894,1.69933,52,52,52,52,52,52,88.5338,94.2446,95.4136,97.5074,98.041,101.788,32.4328,30.8068,28.0807,26.7359,28.8142,36.7237,44.4254,10.15992,7.46171,8.2432,7.34891,9.57933,12.1677,1.42515,1.46428,1.81279152,1.7779944,1.9330856,1.529397,20,25,30,30,35,40
56,0,0,1.59597,8.97181,14.1824,9.75529,0,0,0,0,0,0,0,0,0,1.48401,6.05823,4.62874,1,1,1.05619,1.42666,1.89662,1.48187,52,52,52,52,52,52,83.4296,88.63,89.9874,96.1699,102.009,96.8056,12.0159,12.4127,23.127,45.619,45.3492,30.5556,23.6667,8,5,1,5.48401,12.05823,11.62874,1,1,1.18610137,1.65920558,2.3518088,1.333683,20,25,30,30,35,40
57,0,0,0.748443,7.10543E-15,8.63555,5.59472,0,0,0,0,0,0,0,0,0,0,2.49936,1.72729,1,1,1.02559,1,1.4042,1.22924,52,52,52,52,52,52,82.9558,88.1088,89.1901,92.4104,102.673,96.9575,10.1208,9.71014,9.2029,20.5797,48.1159,35.8454,24.2995,8,5,1,4,8.49936,8.72729,1,1,1.15173757,1.163,1.741208,1.106316,20,25,30,30,35,40
58,0,0,5.13057,8.86919,16.1619,15.789,0,0,0,0,0,0.247882,0,0,2.09109,1.52519,7.05323,8.11188,1,1,1.2063,1.41973,2.16793,2.07484,52,52,52,52,52,52,84.2136,89.4924,90.7702,96.3708,102.773,103.479,15.1518,15.0664,23.871,42.1917,48.5294,50.1423,51.4706,8,5,3.09109,5.52519,13.05323,15.11188,1,1,1.3546749,1.65114599,2.6882332,1.867356,20,25,30,30,35,40
59,0,0,3.03406,3.89219,9.95555,10.3521,0,0,0,0,0,0,0,0,1.18506,0,2.51451,3.81325,1,1,1.11251,1.14908,1.49667,1.52688,52,52,52,52,52,52,83.9916,89.2482,90.0741,94.447,98.7242,103.361,14.264,12.7068,16.7457,23.5949,31.6606,44.5316,50.9793,8,5,2.18506,4,8.51451,10.81325,1,1,1.24934873,1.33638004,1.8558708,1.374192,20,25,30,30,35,40
60,0,0.831263,5.97971,6.63556,16.3125,15.7844,0,0,0,0,0,1.44046,0,0,2.95031,0.374052,7.21382,8.21602,1,1.0285,1.24894,1.284,2.19178,1.91619,52,52,52,52,52,52,84.1975,89.4747,90.5143,95.4507,104.067,108.777,15.0876,14.199,20.4631,40.2378,53.9237,62.9287,65.8448,8,5,3.95031,4.374052,13.21382,15.21602,1,1.0285,1.40255962,1.493292,2.7178072,1.724571,20,25,30,30,35,40
61,1.61959,2.59814,5.61546,3.71114,8.94007,9.54953,0,0,0.299161,0,0,0,0,0,3.58383,0,1.95344,3.35217,1.05707,1.09482,1.21538,1.14117,1.42451,1.46696,52,52,52,52,52,52,84.9578,90.311,91.1468,94.8068,97.9965,110.125,18.1286,16.3429,18.0786,21.8357,28.6286,48.6071,68.5143,8,5,4.58383,4,7.95344,10.35217,1.05707,1.09482,1.36487174,1.32718071,1.7663924,1.320264,20,25,30,30,35,40
62,12.0192,14.4546,20.6436,20.3126,21.2748,22.1749,0,0,0,0,0.732188,3.69627,3.70078,4.68201,9.84109,9.67613,11.3906,13.235,1.66844,1.92983,3.20636,3.09681,3.17214,2.60385,52,52,52,52,52,52,93.6201,99.8395,103.01,106.555,109.066,111.325,52.7778,56.5556,60.4444,63.4444,66.4167,68.8333,70.8889,11.70078,9.68201,10.84109,13.67613,17.3906,20.235,1.66844,1.92983,3.60074228,3.60159003,3.9334536,2.343465,20,25,30,30,35,40
63,11.8061,13.5454,17.489,14.8717,15.2656,17.1958,0,0,0,0,0,0.880922,3.99243,4.729,8.64012,5.26025,6.43743,8.96767,1.6489,1.82319,2.3979,1.98304,2.03605,2.19216,52,52,52,52,52,52,92.0006,98.0581,99.5416,101.65,103.06,109.537,46.3,44.8,43.425,45.15,49.725,59.475,67.35,11.99243,9.729,9.64012,9.26025,12.43743,15.96767,1.6489,1.82319,2.6928417,2.30627552,2.524702,1.972944,20,25,30,30,35,40
64,0.745307,1.85331,12.8249,19.8931,23.4216,22.8801,0,0,0,0.224977,2.24141,5.25488,0,0,5.75074,10.3183,13.0534,14.1582,1.02548,1.06584,1.74672,2.90363,3.40143,2.42428,52,52,52,52,52,52,86.3054,91.7933,95.0778,103.995,108.584,111.097,23.519,29.6682,52.109,61.718,65.4621,68.8033,70.4384,8,5,6.75074,14.3183,19.0534,21.1582,1.02548,1.06584,1.96156656,3.37692169,4.2177732,2.181852,20,25,30,30,35,40
65,4.42414,4.6477,11.5762,12.6113,18.0653,18.4767,0,0,0,0,0,3.06847,0,0,6.1918,4.43203,8.67936,10.3719,1.17298,1.18332,1.62833,1.72526,2.51368,2.05596,52,52,52,52,52,52,86.2975,91.7847,93.704,98.7631,103.965,111.144,23.4876,25.0113,32.7314,43.7698,53.4989,64.5711,70.5305,8,5,7.1918,8.43203,14.67936,17.3719,1.17298,1.18332,1.82861459,2.00647738,3.1169632,1.850364,20,25,30,30,35,40
66,0,0,5.17056,10.0371,21.2392,19.8648,0,0,0,0,1.54686,3.4676,0,0,2.82474,3.20134,12.0166,12.0053,1,1,1.20824,1.50279,2.91045,2.20543,52,52,52,52,52,52,83.6033,88.8211,89.7977,96.4253,107.393,106.946,12.7107,11.7697,24.073,56.264,63.1039,64.2275,62.2191,8,5,3.82474,7.20134,18.0166,19.0053,1,1,1.35685352,1.74774477,3.608958,1.984887,20,25,30,30,35,40
67,0,0.106764,3.85962,3.26386,12.6206,12.3831,0,0,0,0,0,0.168834,0,0,1.63302,0,4.45155,5.81067,1,1.00357,1.14765,1.12208,1.72618,1.68674,52,52,52,52,52,52,83.4809,88.6864,89.5912,94.1075,102.816,109.038,12.2209,11.0698,15.4884,29.593,48.7093,62.1628,66.3605,8,5,2.63302,4,10.45155,12.81067,1,1.00357,1.28881095,1.30497904,2.1404632,1.518066,20,25,30,30,35,40
68,1.23449,2.5447,8.81972,10.0896,21.0612,20.5129,0,0,0,0,4.72609,6.83215,0,0,5.38553,4.23456,13.5884,14.0253,1.04292,1.09269,1.41641,1.50675,2.1954,1.83832,52,52,52,52,52,52,84.3162,89.6053,90.8179,97.4101,112.065,119.709,15.5623,15.228,27.7204,58.4195,72.3556,84.2857,87.4924,8,5,6.38553,8.23456,19.5884,21.0253,1.04292,1.09269,1.59062843,1.75235025,2.722296,1.654488,20,25,30,30,35,40
69,3.0123,4.0636,8.61378,6.78591,14.0468,14.3012,0,0,0.274467,0,0,2.59313,0,0,4.90058,0.966752,6.16212,7.74398,1.11162,1.15668,1.385,1.29232,1.8805,1.64007,52,52,52,52,52,52,85.5429,90.9547,92.031,96.355,101.69,119.902,20.4692,19.3402,23.8123,31.6716,44.0176,68.8563,87.8739,8,5,5.90058,4.966752,12.16212,14.74398,1.11162,1.15668,1.555355,1.50296816,2.33182,1.476063,20,25,30,30,35,40
70,17.6335,22.456,29.2127,29.0305,29.6553,30.0266,1.92352,3.81885,7.75564,8.7096,11.4318,13.49,10.7497,14.0204,18.4768,19.0925,21.2566,22.4394,2.09936,2.64018,3.51166,3.09947,2.54746,2.22826,52,52,52,52,52,52,100.945,107.134,109.209,113.93,116.379,120.226,67.7734,69.4922,74.7656,76.5625,80.8984,85.3516,88.5156,18.7497,19.0204,19.4768,23.0925,27.2566,29.4394,2.09936,2.64018,3.94359418,3.60468361,3.1588504,2.005434,20,25,30,30,35,40
71,10.7155,13.1489,20.0076,20.6822,23.0769,23.7058,0,0,0,0,3.12656,6.17153,2.87262,3.82047,9.17796,9.52198,13.3285,15.1099,1.55565,1.7803,3.00229,3.21966,2.98518,2.4066,52,52,52,52,52,52,92.7754,98.9103,101.994,106.086,110.696,120.162,49.3989,53.1148,59.5355,62.7322,69.6448,80.847,88.388,10.87262,8.82047,10.17796,13.52198,19.3285,22.1099,1.55565,1.7803,3.37157167,3.74446458,3.7016232,2.16594,20,25,30,30,35,40
72,0,1.42409,13.6976,22.5972,26.2548,24.8414,0,0,0,4.31547,8.0636,9.84477,0,0,6.21116,13.965,17.9321,17.8171,1,1.04984,1.84022,2.56012,2.54047,1.99956,52,52,52,52,52,52,86.1322,91.6028,95.1596,108.117,117.078,119.837,22.8261,29.9457,63.4783,75.5435,82.2826,88.2337,87.7446,8,5,7.21116,17.965,23.9321,24.8171,1,1.04984,2.06656706,2.97741956,3.1501828,1.799604,20,25,30,30,35,40
73,4.88258,5.4262,14.5484,18.1513,22.4996,22.6898,0,0,0,0,3.15455,6.28384,0,0,7.16321,8.46349,12.8905,14.4166,1.19439,1.22081,1.94155,2.53192,2.81558,2.20685,52,52,52,52,52,52,87.4392,93.0406,95.8299,102.68,108.223,120.376,28.0545,32.2179,47.2374,58.3658,64.7471,78.9689,88.8132,8,5,8.16321,12.46349,18.8905,21.4166,1.19439,1.22081,2.18036065,2.94462296,3.4913192,1.986165,20,25,30,30,35,40
74,0.167845,1.9346,8.30213,10.2028,21.6932,20.9707,0,0,0.320982,0,6.31049,7.96669,0,0,5.44649,4.8222,14.9919,15.1083,1.00563,1.06893,1.36247,1.51536,2.05237,1.76513,52,52,52,52,52,52,84.0194,89.2788,90.3819,97.4384,114.499,119.41,14.375,13.75,27.825,64.475,77.175,86.475,86.9,8,5,6.44649,8.8222,20.9919,22.1083,1.00563,1.06893,1.53005381,1.76236368,2.5449388,1.588617,20,25,30,30,35,40
75,0.563039,2.31409,6.70727,5.36757,15.7061,15.4126,0,0,0,0,0.413881,3.34456,0,0,3.59045,0.16533,7.61938,8.79276,1.01913,1.08358,1.28796,1.21791,2.03974,1.67299,52,52,52,52,52,52,84.1161,89.3852,90.3292,95.3256,105.69,119.743,14.7619,13.5714,20,37.9464,59.7321,80.119,87.5595,8,5,4.59045,4.16533,13.61938,15.79276,1.01913,1.08358,1.44637908,1.41642933,2.5292776,1.505691,20,25,30,30,35,40
76,0,0,0,7.10543E-15,0,0,0,0,0,0,0,0,0,0,0,0,0,0,1,1,1,1,1,1,52,52,52,52,52,52,82.1364,87.2074,86.9737,90.3277,91.4375,91.6068,6.84288,2.19671,1.48905,0.970935,1.29949,15.0021,2.00505,8,5,1,4,6,7,1,1,1.123,1.163,1.24,0.9,20,25,30,30,35,40
77,0,0,0,7.10543E-15,0,0,0,0,0,0,0,0,0,0,0,0,0,0,1,1,1,1,1,1,52,52,52,52,52,52,81.4812,86.4867,86.6233,90.0199,91.1256,91.1256,4.22222,1.00907,0.349206,-1.06349,-0.136054,0.485261,-0.537415,8,5,1,4,6,7,1,1,1.123,1.163,1.24,0.9,20,25,30,30,35,40
78,0.507383,0.618442,3.24502,3.62019,3.84639,3.18708,0,0,0,0,0,0,0,0,0.573744,0,0,0,1.0172,1.02105,1.12129,1.13723,1.14707,1.11886,52,52,52,52,52,52,84.5503,89.8628,91.0354,94.3706,95.1688,95.4206,16.4988,15.9652,16.4628,16.295,16.8465,17.4041,17.8957,8,5,1.573744,4,6,7,1.0172,1.02105,1.25920867,1.32259849,1.4223668,1.006974,20,25,30,30,35,40
79,0,0,0,7.10543E-15,0.0172687,0.164029,0,0,0,0,0,0,0,0,0,0,0,0,1,1,1,1,1.00058,1.0055,52,52,52,52,52,52,82.8203,87.9598,88.6061,92.457,93.1677,95.6592,9.57879,7.73043,9.37562,8.49356,8.50842,7.64123,18.89,8,5,1,4,6,7,1,1,1.123,1.163,1.2407192,0.90495,20,25,30,30,35,40
80,0,0,0,7.10543E-15,3.15356,2.15273,0,0,0,0,0,0,0,0,0,0,0,0,1,1,1,1,1.11747,1.0773,52,52,52,52,52,52,82.367,87.4612,88.1066,92.4549,95.2042,95.3782,7.7656,6.0371,9.36762,13.8828,16.9941,19.7808,17.7192,8,5,1,4,6,7,1,1,1.123,1.163,1.3856628,0.96957,20,25,30,30,35,40
81,0,0,0,7.10543E-15,0.636356,0,0,0,0,0,0,0,0,0,0,0,0,0,1,1,1,1,1.02167,1,52,52,52,52,52,52,81.7966,86.8337,87.3289,90.544,94.4912,93.7922,5.48401,3.40104,2.29041,8.47882,14.0233,13.1504,11.1106,8,5,1,4,6,7,1,1,1.123,1.163,1.2668708,0.9,20,25,30,30,35,40
82,0,0.172962,1.57569,0.0178216,0.270816,0,0,0,0,0,0,0,0,0,0,0,0,0,1,1.0058,1.05543,1.00059,1.00911,1,52,52,52,52,52,52,84.4294,89.7298,90.044,92.9533,93.7048,92.6724,16.015,12.6047,11.2137,10.623,10.7465,15.3008,6.44468,8,5,1,4,6,7,1,1.0058,1.18524789,1.16368617,1.2512964,0.9,20,25,30,30,35,40
83,0,0,0,7.10543E-15,0,0,0,0,0,0,0,0,0,0,0,0,0,0,1,1,1,1,1,1,52,52,52,52,52,52,83.8107,89.0492,88.8359,91.3165,91.8989,92.8707,13.5404,8.50932,5.1514,2.70575,3.22205,8.07065,7.27096,8,5,1,4,6,7,1,1,1.123,1.163,1.24,0.9,20,25,30,30,35,40
84,0,0,0,7.10543E-15,0,0,0,0,0,0,0,0,0,0,0,0,0,0,1,1,1,1,1,1,52,52,52,52,52,52,82.8008,87.9383,88.3872,92.86,93.8678,92.1848,9.50048,6.98836,10.8681,10.8632,11.4258,5.24733,4.41319,8,5,1,4,6,7,1,1,1.123,1.163,1.24,0.9,20,25,30,30,35,40
85,0,0,0,7.10543E-15,0,0,0,0,0,0,0,0,0,0,0,0,0,0,1,1,1,1,1,1,52,52,52,52,52,52,81.2754,86.2604,86.5647,90.2305,92.9566,91.4847,3.39919,0.810484,1.12903,4.74194,7.62903,7.02419,1.49597,8,5,1,4,6,7,1,1,1.123,1.163,1.24,0.9,20,25,30,30,35,40
86,0,0.339931,0,7.10543E-15,0.394867,0.390465,0,0,0,0,0,0,0,0,0,0,0,0,1,1.01146,1,1,1.01334,1.01319,52,52,52,52,52,52,84.212,89.4906,89.34,91.51,93.0414,95.609,15.1455,10.2182,5.86809,6.3579,7.98254,19.2629,18.6809,8,5,1,4,6,7,1,1.01146,1.123,1.163,1.2565416,0.911871,20,25,30,30,35,40
87,0,0,0,7.10543E-15,0,0,0,0,0,0,0,0,0,0,0,0,0,0,1,1,1,1,1,1,52,52,52,52,52,52,81.7571,86.7902,87.5191,92.4936,91.9916,93.7781,5.32588,4.04562,9.51117,6.41061,3.60801,16.5596,11.0521,8,5,1,4,6,7,1,1,1.123,1.163,1.24,0.9,20,25,30,30,35,40
88,0,0,0,7.10543E-15,0,0,0,0,0,0,0,0,0,0,0,0,0,0,1,1,1,1,1,1,52,52,52,52,52,52,81.7264,86.7564,86.947,90.0308,91.9165,95.4464,5.20292,2.10633,0.38961,1.81412,3.29545,15.556,18.0032,8,5,1,4,6,7,1,1,1.123,1.163,1.24,0.9,20,25,30,30,35,40
89,0,0,0,7.10543E-15,0,0,0,0,0,0,0,0,0,0,0,0,0,0,1,1,1,1,1,1,52,52,52,52,52,52,81.3019,86.2895,86.8066,90.4642,91.4919,93.9383,3.50503,1.63052,1.99458,0.670023,1.52595,3.33462,11.7196,8,5,1,4,6,7,1,1,1.123,1.163,1.24,0.9,20,25,30,30,35,40
90,0,0,0,7.10543E-15,0,0,0,0,0,0,0,0,0,0,0,0,0,0,1,1,1,1,1,1,52,52,52,52,52,52,82.8278,87.968,87.3974,90.5087,92.289,91.8634,9.60874,3.63313,2.15955,3.27744,4.84756,19.4614,3.07419,8,5,1,4,6,7,1,1,1.123,1.163,1.24,0.9,20,25,30,30,35,40
91,0,0,0,7.10543E-15,0,0,0,0,0,0,0,0,0,0,0,0,0,0,1,1,1,1,1,1,52,52,52,52,52,52,81.8174,86.8566,86.5606,89.9256,91.1256,91.785,5.56718,0.79646,-0.253419,-2.08367,-3.87772,12.4296,2.74739,8,5,1,4,6,7,1,1,1.123,1.163,1.24,0.9,20,25,30,30,35,40
92,0,0,0.32913,0.172754,4.25275,3.45462,0,0,0,0,0,0,0,0,0,0,0,0,1,1,1.01109,1.00579,1.16517,1.13014,52,52,52,52,52,52,83.7576,88.9908,89.3296,92.5268,95.1369,96.0315,13.3278,10.183,9.63394,13.0699,16.7138,33.1032,20.4409,8,5,1,4,6,7,1,1,1.13545407,1.16973377,1.4448108,1.017126,20,25,30,30,35,40
93,0,0,0,7.10543E-15,0,0,0,0,0,0,0,0,0,0,0,0,0,0,1,1,1,1,1,1,52,52,52,52,52,52,82.6273,87.7475,87.6639,90.9375,92.6357,94.328,8.80671,4.53649,3.74753,5.37475,6.29191,31.6864,13.3432,8,5,1,4,6,7,1,1,1.123,1.163,1.24,0.9,20,25,30,30,35,40
94,4.13723,4.14695,8.52077,9.99329,10.0875,10.4484,0,0,0,0,0,0,0,0,4.35232,3.02632,2.78923,3.91374,1.15997,1.1604,1.3967,1.4995,1.50659,1.5344,52,52,52,52,52,52,86.3835,91.8793,93.5028,97.3532,98.059,98.882,23.8314,24.3295,27.5096,27.8927,28.8889,30.1724,32.318,8,5,5.35232,7.02632,8.78923,10.91374,1.15997,1.1604,1.5684941,1.7439185,1.8681716,1.38096,20,25,30,30,35,40
95,0,0,4.24993,8.70104,5.60177,2.7119,0,0,0,0,0,0,0,0,0.431955,2.38513,0,0,1,1,1.16505,1.40852,1.2296,1.09938,52,52,52,52,52,52,84.1986,89.4759,91.8727,97.2471,96.1833,94.1219,15.092,18.8037,27.1166,25.3374,21.0736,15.7055,12.4847,8,5,1.431955,6.38513,6,7,1,1,1.30835115,1.63810876,1.524704,0.989442,20,25,30,30,35,40
96,7.22847,8.24932,9.81529,5.90926,6.04345,6.58207,0,0,0,0,0,0,1.16634,1.73667,5.52467,0,0,0.64005,1.31743,1.37927,1.48627,1.24529,1.25227,1.28107,52,52,52,52,52,52,87.8804,93.5259,94.1211,95.124,95.7845,97.5926,29.819,26.4253,19.2534,17.7149,19.4118,24.7511,26.9457,9.16634,6.73667,6.52467,4,6,7.64005,1.31743,1.37927,1.66908121,1.44827227,1.5528148,1.152963,20,25,30,30,35,40
97,5.13945,6.85381,4.91441,7.10543E-15,0.308846,0,0,0,0,0,0,0,0,0.585315,0.941097,0,0,0,1.20673,1.29611,1.19591,1,1.0104,1,52,52,52,52,52,52,88.0256,93.6856,91.1973,92.3788,93.3748,93.7862,30.4,16.5143,9.08571,8.37143,9.37143,17.4286,11.0857,8,5.585315,1.941097,4,6,7,1.20673,1.29611,1.34300693,1.163,1.252896,0.9,20,25,30,30,35,40
98,0,0,2.20338,6.09867,9.56998,9.4117,0,0,0,0,0,0,0,0,0,0,2.26913,3.18516,1,1,1.07927,1.25516,1.46843,1.45714,52,52,52,52,52,52,83.6831,88.9089,90.3779,95.421,98.3745,99.0887,13.0299,13.7364,20.3533,27.337,30.2038,31.5625,33.1793,8,5,1,4,8.26913,10.18516,1,1,1.21202021,1.45975108,1.8208532,1.311426,20,25,30,30,35,40
99,0,0,0,0.302007,6.92844,6.54308,0,0,0,0,0,0,0,0,0,0,0.319786,0.970371,1,1,1,1.01017,1.3003,1.27894,52,52,52,52,52,52,82.3887,87.485,88.4104,92.4978,97.5358,98.927,7.85219,7.06697,9.52656,18.4411,26.709,30.8545,32.5058,8,5,1,4,6.319786,7.970371,1,1,1.123,1.17482771,1.612372,1.151046,20,25,30,30,35,40
100,0,0,0.333071,2.59517,7.74323,4.76123,0,0,0,0,0,0,0,0,0,0,1.4108,0.381068,1,1,1.01123,1.0947,1.3479,1.18865,52,52,52,52,52,52,83.0557,88.2187,89.4192,93.7083,98.8089,95.382,10.5201,10.4866,14.0101,26.4094,32.0134,24.6644,17.7349,8,5,1,4,7.4108,7.381068,1,1,1.13561129,1.2731361,1.671396,1.069785,20,25,30,30,35,40
101,0,0,0,7.10543E-15,4.01413,0.671682,0,0,0,0,0,0,0,0,0,0,0,0,1,1,1,1,1.15447,1.0229,52,52,52,52,52,52,82.7004,87.8279,88.0863,91.5554,99.0608,93.9148,9.0991,5.96847,6.03604,10.5856,33.0631,17.7027,11.6216,8,5,1,4,6,7,1,1,1.123,1.163,1.4315428,0.92061,20,25,30,30,35,40
102,2.17122,3.0438,3.37918,1.45532,5.19261,5.66505,0,0,0,0,0,0,0,0,1.25957,0,0,0,1.07802,1.11292,1.12694,1.05098,1.20932,1.23279,52,52,52,52,52,52,85.4945,90.9014,90.8048,92.9445,95.2548,99.3996,20.2756,15.1837,11.1811,13.5958,17.2047,29.0551,34.4751,8,5,2.25957,4,6,7,1.07802,1.11292,1.26555362,1.22228974,1.4995568,1.109511,20,25,30,30,35,40
103,0,0,0.312311,2.51838,3.44194,4.16452,0,0,0,0,0,0,0,0,0,0,0,0,1,1,1.01052,1.09164,1.1296,1.16119,52,52,52,52,52,52,83.5784,88.7937,89.6722,93.9636,94.6723,99.0616,12.6111,11.3444,14.9556,13.8,14.7778,16.5778,33.0667,8,5,1,4,6,7,1,1,1.13481396,1.26957732,1.400704,1.045071,20,25,30,30,35,40
104,0,0,0,7.10543E-15,2.96784,3.04682,0,0,0,0,0,0,0,0,0,0,0,0,1,1,1,1,1.10979,1.11304,52,52,52,52,52,52,81.8492,86.8916,87.9571,91.6131,94.6165,99.0559,5.69444,5.5303,6.25,10.5051,14.5455,27.0707,33.0429,8,5,1,4,6,7,1,1,1.123,1.163,1.3761396,1.001736,20,25,30,30,35,40
105,0,0,0,7.10543E-15,0,0,0,0,0,0,0,0,0,0,0,0,0,0,1,1,1,1,1,1,52,52,52,52,52,52,82.2736,87.3584,87.7454,91.0578,92.5262,98.8409,7.39193,4.81268,4.19308,4.69741,5.83573,13.732,32.147,8,5,1,4,6,7,1,1,1.123,1.163,1.24,0.9,20,25,30,30,35,40
106,0.135409,0,2.34817,3.98844,4.99278,4.43126,0,0,0,0,0,0,0,0,0,0,0,0,1.00453,1,1.08492,1.15333,1.19965,1.17331,52,52,52,52,52,52,84.4426,89.7443,90.4456,94.6026,95.1609,96.1738,16.0678,13.9661,17.322,16.9153,16.8136,32.8475,21.0339,8,5,1,4,6,7,1.00453,1,1.21836516,1.34132279,1.487566,1.055979,20,25,30,30,35,40
107,0,0,0,7.10543E-15,3.26398,1.37351,0,0,0,0,0,0,0,0,0,0,0,0,1,1,1,1,1.12208,1.04798,52,52,52,52,52,52,82.6278,87.748,88.0778,91.629,95.1646,94.2907,8.80872,5.9396,6.30872,12.9698,16.8289,32.2651,13.1879,8,5,1,4,6,7,1,1,1.123,1.163,1.3913792,0.943182,20,25,30,30,35,40
108,0,0,0.843165,0.447438,4.14014,4.66338,0,0,0,0,0,0,0,0,0.473232,0,0,0,1,1,1.02892,1.01514,1.1601,1.18406,52,52,52,52,52,52,83.7122,88.9409,89.4135,92.9495,95.1312,103.109,13.1464,10.4673,11.1994,13.5981,16.69,28.2243,49.9299,8,5,1.473232,4,6,7,1,1,1.15547716,1.18060782,1.438524,1.065654,20,25,30,30,35,40
109,0,0,0,7.10543E-15,4.92609,4.48709,0,0,0,0,0,0,0,0,0,0,0,0,1,1,1,1,1.19646,1.17588,52,52,52,52,52,52,83.5789,88.7942,88.779,92.3678,94.9849,97.4151,12.6131,8.31658,9.04523,11.0302,16.0804,46.9095,26.206,8,5,1,4,6,7,1,1,1.123,1.163,1.4836104,1.058292,20,25,30,30,35,40
110,10.1454,10.9149,16.1648,15.6774,16.0059,17.3015,0,0,0,0,0,0,2.06115,2.21838,8.12271,6.60844,7.02397,9.17695,1.51098,1.5719,2.16838,2.09459,2.14376,2.36248,52,52,52,52,52,52,90.4085,96.3068,98.5904,101.521,102.493,103.389,39.9315,41.5753,42.9452,46.4041,47.363,49.2466,51.0959,10.06115,7.21838,9.12271,10.60844,13.02397,16.17695,1.51098,1.5719,2.43509074,2.43600817,2.6582624,2.126232,20,25,30,30,35,40
111,2.03858,3.11317,11.2641,15.6628,15.0435,11.7598,0,0,0,0,0,0,0,0,5.06806,7.71098,6.23749,6.03289,1.07291,1.11579,1.6012,2.09246,2.00581,1.64472,52,52,52,52,52,52,86.1808,91.6564,95.022,101.176,101.351,98.1131,23.0208,29.4792,41.6667,42.9688,42.6042,31.875,29.1146,8,5,6.06806,11.71098,12.23749,13.03289,1.07291,1.11579,1.7981476,2.43353098,2.4872044,1.480248,20,25,30,30,35,40
112,5.46665,5.82469,9.97828,9.71421,12.4591,13.6385,0,0,0,0,0,0,0,0,5.41663,2.63404,4.8705,6.61088,1.22283,1.24094,1.49837,1.47887,1.71029,1.83357,52,52,52,52,52,52,87.0059,92.564,93.8306,97.3122,99.7681,103.169,26.3212,25.4404,27.3575,30.6736,36.0104,43.9508,50.1813,8,5,6.41663,6.63404,10.8705,13.61088,1.22283,1.24094,1.68266951,1.71992581,2.1207596,1.650213,20,25,30,30,35,40
113,14.3201,16.7951,16.1029,9.61552,5.50791,6.75533,0,0,2.03029,0,0,0,7.5909,8.74672,9.77961,2.10239,0,0.530528,1.91328,2.27189,1.88355,1.47171,1.22489,1.29062,52,52,52,52,52,52,91.9137,97.9625,97.2301,96.9006,95.6685,97.5685,45.9524,36.9643,25.8333,19.0476,18.9286,26.3095,26.8452,15.5909,13.74672,10.77961,6.10239,6,7.530528,1.91328,2.27189,2.11522665,1.71159873,1.5188636,1.161558,20,25,30,30,35,40
114,0,0,1.76837,8.79234,16.015,12.161,0,0,0,0,0,0,0,0,0,1.32447,7.56446,6.48305,1,1,1.06264,1.41458,2.14516,1.68171,52,52,52,52,52,52,83.4527,88.6554,89.762,95.9824,103.106,98.0467,12.1081,11.6486,22.4324,47.2703,49.9189,40.3784,28.8378,8,5,1,5.32447,13.56446,13.48305,1,1,1.19334472,1.64515654,2.6599984,1.513539,20,25,30,30,35,40
115,0,0,0.0104847,5.62277,11.8046,6.79476,0,0,0,0,0,0,0,0,0,0,4.50484,2.34614,1,1,1.00035,1.23066,1.64877,1.29281,52,52,52,52,52,52,83.1587,88.332,89.1881,94.4447,101.082,95.285,10.9322,9.70339,16.7373,43.7712,41.4831,21.6102,17.3305,8,5,1,4,10.50484,9.34614,1,1,1.12339305,1.43125758,2.0444748,1.163529,20,25,30,30,35,40
116,0,0,0.656016,0.76309,10.1976,9.39955,0,0,0,0,0,0,0,0,0,0,3.11526,3.91774,1,1,1.02236,1.0261,1.51497,1.45628,52,52,52,52,52,52,83.0266,88.1867,88.9733,92.8353,102.254,100.89,10.4037,8.97516,10.7764,22.6398,46.3665,45.9627,40.6832,8,5,1,4,9.11526,10.91774,1,1,1.14811028,1.1933543,1.8785628,1.310652,20,25,30,30,35,40
117,0,0,0.462613,7.10543E-15,7.38097,3.33715,0,0,0,0,0,0,0,0,0,0,1.89592,0.2628,1,1,1.01566,1,1.32632,1.12516,52,52,52,52,52,52,82.8416,87.9832,89.0153,92.1038,102.813,95.5324,9.66387,9.11765,8.06723,18.6975,48.6975,30.6723,18.3613,8,5,1,4,7.89592,7.2628,1,1,1.14058618,1.163,1.6446368,1.012644,20,25,30,30,35,40
118,0.113407,0.247922,8.22215,13.8647,18.4877,18.4443,0,0,0,0,0,1.83351,0,0,3.89868,5.27942,8.85044,10.2826,1.00379,1.00833,1.37755,1.85928,2.60591,2.24061,52,52,52,52,52,52,85.0343,90.3951,92.3979,99.0476,103.692,104.129,18.4346,20.5841,33.785,47.5701,52.3598,52.8738,54.1822,8,5,4.89868,9.27942,14.85044,17.2826,1.00379,1.00833,1.54698865,2.16234264,3.2313284,2.016549,20,25,30,30,35,40
119,0,0,3.02193,6.1839,15.0251,14.3842,0,0,0,0,0,0,0,0,0.858157,0,5.99486,6.87195,1,1,1.11201,1.25965,2.00336,1.92113,52,52,52,52,52,52,83.1958,88.3728,89.6376,94.9449,102.295,103.715,11.0806,11.2271,18.5897,39.9267,46.5385,48.5531,52.4542,8,5,1.858157,4,11.99486,13.87195,1,1,1.24878723,1.46497295,2.4841664,1.729017,20,25,30,30,35,40
120,0.0039761,0.561238,3.54456,3.78941,9.76953,10.1957,0,0,0,0,0,0,0,0,1.75477,0,2.34996,3.60779,1.00013,1.01906,1.13398,1.14458,1.48291,1.51482,52,52,52,52,52,52,84.26,89.5434,90.1941,94.4767,98.2115,104.373,15.3374,13.1135,16.8558,21.9632,29.5245,49.7239,55.1994,8,5,2.75477,4,8.34996,10.60779,1.00013,1.01906,1.27345954,1.33114654,1.8388084,1.363338,20,25,30,30,35,40
121,0,0,0.581846,2.6127,8.17367,8.50962,0,0,0,0,0,0,0,0,0,0,0.848914,2.03954,1,1,1.01978,1.0954,1.37449,1.39597,52,52,52,52,52,52,82.9644,88.1182,89.0056,93.8159,97.7273,103.085,10.1549,9.08451,14.4085,22.4366,27.507,34.2113,49.831,8,5,1,4,6.848914,9.03954,1,1,1.14521294,1.2739502,1.7043676,1.256373,20,25,30,30,35,40
122,4.05997,4.06632,6.47883,5.23183,6.42974,7.62989,0,0,0.388537,0,0,0,0,0,4.12767,0,0,1.04935,1.15651,1.1568,1.25472,1.21123,1.27279,1.34108,52,52,52,52,52,52,85.8581,91.3014,92.3546,95.2948,95.8663,103.117,21.73,20.4373,19.8859,18.8213,19.7529,28.1559,49.962,8,5,5.12767,4,6,8.04935,1.15651,1.1568,1.40905056,1.40866049,1.5782596,1.206972,20,25,30,30,35,40
123,0,0,0,7.10543E-15,2.51202,2.88686,0,0,0,0,0,0,0,0,0,0,0,0,1,1,1,1,1.09139,1.10647,52,52,52,52,52,52,83.2416,88.4232,88.6914,91.9355,94.4121,103.18,11.264,8.01966,7.44382,9.94382,13.6938,28.6236,50.2247,8,5,1,4,6,7,1,1,1.123,1.163,1.3533236,0.995823,20,25,30,30,35,40
124,5.33597,5.87361,10.0695,8.55247,11.5797,12.7335,0,0,1.24643,0,0,0,0.114452,0.728389,6.12081,2.21712,4.32651,6.09029,1.21635,1.24345,1.41664,1.39876,1.62864,1.73747,52,52,52,52,52,52,86.8194,92.3588,93.5788,97.2013,99.1787,110.756,25.5752,24.587,26.9469,29.3215,33.5546,49.056,69.764,8.114452,5.728389,7.12081,6.21712,10.32651,13.09029,1.21635,1.24345,1.59088672,1.62675788,2.0195136,1.563723,20,25,30,30,35,40
125,0,0,1.88695,0.116968,5.60447,5.88003,0,0,0,0,0,0,0,0,1.6125,0,0,0,1,1,1.06712,1.00391,1.22973,1.24378,52,52,52,52,52,52,83.3887,88.5851,89.2176,93.0505,96.4017,110.081,11.8525,9.80328,11.5738,15.9508,21.9836,45.3607,68.4262,8,5,2.6125,4,6,7,1,1,1.19837576,1.16754733,1.5248652,1.119402,20,25,30,30,35,40
126,14.004,17.7867,23.4969,22.1897,22.3193,23.4689,0,0,1.40928,0.389528,1.95264,4.93738,6.65939,8.52965,12.3645,11.4014,12.4686,14.5,1.87546,2.45633,3.79155,3.65863,3.11419,2.61586,52,52,52,52,52,52,95.3804,101.805,104.827,108.373,110.358,112.883,59.8193,61.1446,63.9759,65.8434,68.9759,71.6867,73.9759,14.65939,13.52965,13.3645,15.4014,18.4686,21.5,1.87546,2.45633,4.25791065,4.25498669,3.8615956,2.354274,20,25,30,30,35,40
127,12.5151,15.2842,20.1399,17.9092,17.7748,19.4632,0,0,0,0,0,1.12065,4.7039,5.74967,9.62675,7.27779,7.97641,10.4432,1.71577,2.03863,3.04257,2.48122,2.45394,2.57347,52,52,52,52,52,52,93.7858,100.022,102.598,104.282,105.087,108.405,53.4409,55.1613,53.172,55.3226,58.172,61.1828,65.1075,12.7039,10.74967,10.62675,11.27779,13.97641,17.4432,1.71577,2.03863,3.41680611,2.88565886,3.0428856,2.316123,20,25,30,30,35,40
128,10.0163,10.9738,16.038,14.9239,16.317,17.8457,0,0,0,0,0,2.05835,2.48374,2.7861,7.93189,5.54153,7.27066,9.66085,1.50122,1.57678,2.14868,1.98991,2.1925,2.1108,52,52,52,52,52,52,90.5454,96.4574,97.9843,101.421,103.514,111.496,40.479,39.521,42.5749,46.2575,51.6168,61.7964,71.2275,10.48374,7.7861,8.93189,9.54153,13.27066,16.66085,1.50122,1.57678,2.41296764,2.31426533,2.7187,1.89972,20,25,30,30,35,40
129,15.4597,19.7984,19.8467,13.2965,7.63964,10.8468,1.19128,2.40046,3.44898,0,0,0,10.2649,12.5853,12.4241,4.68625,0.566569,2.79921,1.90699,2.38057,2.20551,1.79603,1.34166,1.56632,52,52,52,52,52,52,94.3492,100.642,100.625,100.126,97.759,104.326,55.6944,48.4722,37.7778,29.4444,27.6389,38.8889,55,18.2649,17.5853,13.4241,8.68625,6.566569,9.79921,1.90699,2.38057,2.47678773,2.08878289,1.6636584,1.409688,20,25,30,30,35,40
130,4.36305,5.20743,15.8839,20.6813,23.7659,23.3041,0,0,0,0.605473,2.598,5.39875,0,0,7.34554,10.9395,13.6708,14.6474,1.17019,1.21004,2.12524,3.02292,3.39671,2.48045,52,52,52,52,52,52,88.0944,93.7613,98.3395,105.343,109.298,111.999,30.675,40.725,57.1,63.375,66.875,69.75,72.225,8,5,8.34554,14.9395,19.6708,21.6474,1.17019,1.21004,2.38664452,3.51565596,4.2119204,2.232405,20,25,30,30,35,40
131,0,0,7.93861,19.8383,23.9017,22.822,0,0,0,0.67741,2.4376,5.41517,0,0,1.94763,10.3986,13.2389,14.0836,1,1,1.35984,2.76776,3.51457,2.38224,52,52,52,52,52,52,84.3745,89.6694,92.0999,104.246,109.226,109.757,15.7955,19.5739,53.0398,63.3239,66.733,67.3295,67.7841,8,5,2.94763,14.3986,19.2389,21.0836,1,1,1.52710032,3.21890488,4.3580668,2.144016,20,25,30,30,35,40
132,4.20649,4.45912,12.6851,15.1723,20.5351,20.7047,0,0,0,0,0.951242,3.98112,0,0,6.67916,6.3088,10.7504,12.1972,1.16308,1.17459,1.73262,2.02323,2.88016,2.25965,52,52,52,52,52,52,86.5163,92.0254,94.4719,100.02,105.281,111.008,24.3627,27.6144,37.3856,50.7026,58.9216,67.1242,70.2614,8,5,7.67916,10.3088,16.7504,19.1972,1.16308,1.17459,1.94573226,2.35301649,3.5713984,2.033685,20,25,30,30,35,40
133,0,0,7.00747,10.225,15.0586,15.4533,0,0,0,0,0,0.883898,0,0,3.86611,2.76573,6.05973,7.8433,1,1,1.30477,1.51707,2.00784,1.94418,52,52,52,52,52,52,84.1652,89.4391,91.2012,97.698,102.192,110.622,14.9582,16.5272,28.7866,39.728,46.1088,54.4979,69.4979,8,5,4.86611,6.76573,12.05973,14.8433,1,1,1.46525671,1.76435241,2.4897216,1.749762,20,25,30,30,35,40
134,0,0,6.19853,10.1907,21.6951,20.3591,0,0,0,0,2.21406,4.10361,0,0,3.64759,3.58458,12.625,12.5922,1,1,1.26043,1.51444,2.85199,2.18268,52,52,52,52,52,52,83.6664,88.8904,90.0526,96.4534,107.852,109.514,12.963,12.6337,24.177,58.0658,64.0123,67.428,67.3045,8,5,4.64759,7.58458,18.625,19.5922,1,1,1.41546289,1.76129372,3.5364676,1.964412,20,25,30,30,35,40
135,0,0,3.28977,6.14035,17.8341,14.5925,0,0,0,0,0.312189,1.24512,0,0,0.664015,0.185981,9.77185,8.61544,1,1,1.12317,1.25735,2.40421,1.80152,52,52,52,52,52,52,83.6335,88.8542,89.8443,94.6913,106.799,99.9304,12.8313,11.9277,17.6506,46.0241,61.9277,55.7229,36.6867,8,5,1.664015,4.185981,15.77185,15.61544,1,1,1.26131991,1.46229805,2.9812204,1.621368,20,25,30,30,35,40
136,0,0.858321,4.94589,4.42958,15.019,14.433,0,0,0,0,0,1.57585,0,0,2.40666,0,6.43781,7.4564,1,1.02945,1.19741,1.17323,2.00254,1.75,52,52,52,52,52,52,83.8867,89.1328,89.8253,94.4787,104.575,111.292,13.8443,11.8632,16.8632,36.3679,56.0377,68.4906,70.8255,8,5,3.40666,4,12.43781,14.4564,1,1.02945,1.34469143,1.36446649,2.4831496,1.575,20,25,30,30,35,40
137,0,0.384178,3.10316,1.22817,10.4075,10.3767,0,0,0,0,0,0,0,0,1.31263,0,3.15203,4.64981,1,1.01297,1.11537,1.04269,1.53119,1.5288,52,52,52,52,52,52,83.3795,88.5748,89.4072,92.9696,101.956,109.637,11.8153,10.4459,11.2739,23.7898,45.1274,58.5032,67.5478,8,5,2.31263,4,9.15203,11.64981,1,1.01297,1.25256051,1.21264847,1.8986756,1.37592,20,25,30,30,35,40
138,6.92856,7.86754,11.8356,9.37346,13.654,14.7477,0,0,0.551864,0,0,1.25199,0.80323,1.7831,6.55073,2.41426,5.93493,7.85771,1.30031,1.35548,1.60288,1.45444,1.83531,1.8177,52,52,52,52,52,52,87.8726,93.5173,94.5007,97.5608,100.98,111.078,29.7877,27.7123,28.2783,31.7925,41.0613,60.3774,70.4009,8.80323,6.7831,7.55073,6.41426,11.93493,14.85771,1.30031,1.35548,1.80003424,1.69151372,2.2757844,1.63593,20,25,30,30,35,40
139,3.34419,3.77889,7.43359,6.26934,9.21567,10.2076,0,0,1.30203,0,0,0,0,0,4.9152,0.780006,2.2674,3.76292,1.12546,1.14412,1.25689,1.26419,1.4434,1.51573,52,52,52,52,52,52,85.7707,91.2052,92.2179,96.2256,97.8131,110.797,21.3802,19.974,23.3333,25.651,27.8646,42.2917,69.8438,8,5,5.9152,4.780006,8.2674,10.76292,1.12546,1.14412,1.41148747,1.47025297,1.789816,1.364157,20,25,30,30,35,40
140,7.37159,7.65647,13.7329,13.1722,17.9119,18.6031,0,0,0.916975,0,1.40962,4.41164,1.61102,1.78156,7.63644,5.03139,9.04474,10.8495,1.32577,1.34267,1.7458,1.78277,2.2226,1.89771,52,52,52,52,52,52,87.7437,93.3755,95.0169,99.4525,103.004,120.368,29.2722,29.462,35.2848,42.2152,49.4937,68.9557,88.7975,9.61102,6.78156,8.63644,9.03139,15.04474,17.8495,1.32577,1.34267,1.9605334,2.07336151,2.756024,1.707939,20,25,30,30,35,40
141,0.895757,2.52037,5.61104,2.77352,10.1793,10.2754,0,0,0.848823,0,0,0,0,0,3.58397,0,3.43885,4.7,1.03078,1.09172,1.18869,1.10187,1.51357,1.52094,52,52,52,52,52,52,84.6121,89.9308,90.774,94.4256,98.8971,119.934,16.746,15.0794,16.6667,22.5794,32.381,62.0238,87.9365,8,5,4.58397,4,9.43885,11.7,1.03078,1.09172,1.33489887,1.28147481,1.8768268,1.368846,20,25,30,30,35,40
142,18.8972,24.0914,31.3202,32.0086,33.0859,32.8857,3.3478,5.81009,10.7299,13.3417,16.9624,18.1515,11.9989,15.7966,21.009,22.8641,25.7555,26.2243,2.07604,2.56002,3.18819,2.64713,2.16193,1.96518,52,52,52,52,52,52,102.526,108.626,110.226,116.048,120.46,121.233,70,71.4286,78.8776,84.3878,88.9796,90.3061,90.5102,19.9989,20.7966,22.009,26.8641,31.7555,33.2243,2.07604,2.56002,3.58033737,3.07861219,2.6807932,1.768662,20,25,30,30,35,40
143,16.9227,22.7868,28.6768,25.7531,23.8337,25.4541,3.7685,5.93041,7.21874,3.79825,4.04075,7.33892,11.6926,15.4155,18.0996,15.0774,14.1205,16.6914,1.78086,2.28247,3.51207,3.72895,2.93915,2.52423,52,52,52,52,52,52,103.898,109.921,109.511,110.858,110.741,119.461,71.9333,70.0667,68.8,66.2,69.7333,78.6667,87,19.6926,20.4155,19.0996,19.0774,20.1205,23.6914,1.78086,2.28247,3.94405461,4.33676885,3.644546,2.271807,20,25,30,30,35,40
144,8.41266,10.562,19.6799,23.5063,26.9159,26.2255,0,0,0,2.98173,8.25896,10.2021,0,1.11153,9.46866,13.4868,18.3611,18.7969,1.3897,1.54337,2.90696,3.16607,2.64478,2.14644,52,52,52,52,52,52,91.3226,97.3123,102.112,109.942,115.637,119.626,43.5878,53.5115,67.0229,72.1756,79.4275,86.2214,87.3282,8,6.11153,10.46866,17.4868,24.3611,25.7969,1.3897,1.54337,3.26451608,3.68213941,3.2795272,1.931796,20,25,30,30,35,40
145,11.259,13.3892,19.1162,18.0514,19.4346,20.7333,0,0,0,0,0.522205,3.75944,4.02989,4.74679,9.13921,7.26234,9.63664,11.9314,1.60077,1.80606,2.75638,2.51075,2.70573,2.30305,52,52,52,52,52,52,92.4673,98.5715,100.699,103.816,105.321,120.078,48.1667,48.7222,51.4444,54.5556,59,71,88.2222,12.02989,9.74679,10.13921,11.26234,15.63664,18.9314,1.60077,1.80606,3.09541474,2.92000225,3.3551052,2.072745,20,25,30,30,35,40
146,0,0,12.8899,23.1891,26.6594,24.8433,0,0,0,6.23862,10.259,11.2791,0,0,5.86393,15.3385,19.4179,18.677,1,1,1.75335,2.29893,2.20594,1.82528,52,52,52,52,52,52,85.5455,90.9575,94.428,109.571,120.353,120.422,20.4795,27.4658,66.3014,81.7123,88.7671,91.4384,88.9041,8,5,6.86393,19.3385,25.4179,25.677,1,1,1.96901205,2.67365559,2.7353656,1.642752,20,25,30,30,35,40
147,0,0,11.6986,21.0696,24.6891,23.7296,0,0,0,1.96901,5.06071,7.76789,0,0,4.91551,11.8268,15.215,15.8834,1,1,1.63922,2.75244,2.89252,2.13702,52,52,52,52,52,52,85.4256,90.8256,93.5211,105.363,113.181,119.021,20,24.3913,57.1739,67.913,74.5652,85.3913,86.1304,8,5,5.91551,15.8268,21.215,22.8834,1,1,1.84084406,3.20108772,3.5867248,1.923318,20,25,30,30,35,40
148,8.28239,8.79959,16.0208,17.3443,23.127,23.6344,0,0,0,0,4.60161,7.39656,1.72905,1.07309,7.34963,7.40319,14.3092,15.7779,1.38137,1.41507,2.14605,2.37048,2.61447,2.17989,52,52,52,52,52,52,89.6042,95.4221,97.4373,102.757,111.717,121.889,36.7143,37.6667,47.5238,62.1429,71.6667,86.7143,91.8095,9.72905,6.07309,8.34963,11.40319,20.3092,22.7779,1.38137,1.41507,2.41001415,2.75686824,3.2419428,1.961901,20,25,30,30,35,40
149,1.52608,2.94224,14.49,20.0398,23.0922,22.7681,0,0,0,0.265107,3.00475,6.21679,0,0,7.23442,10.3191,13.1318,14.4513,1.0536,1.10874,1.93424,2.93389,3.02647,2.2307,52,52,52,52,52,52,85.9032,91.3509,96.1037,103.729,107.414,119.983,21.9101,33.1461,51.1236,58.764,63.1461,71.4045,88.0337,8,5,8.23442,14.3191,19.1318,21.4513,1.0536,1.10874,2.17215152,3.41211407,3.7528228,2.00763,20,25,30,30,35,40
150,0,1.6775,6.08132,6.26497,19.7565,18.5996,0,0,1.1765,0,7.20859,7.98487,0,0,4.69539,3.14409,14.7223,14.1707,1,1.05923,1.19545,1.26395,1.71899,1.54757,52,52,52,52,52,52,83.6138,88.8327,89.6402,95.6593,118.706,118.706,12.7528,11.236,21.236,67.191,85.5056,90.9551,85.5056,8,5,5.69539,7.14409,20.7223,21.1707,1,1.05923,1.34249035,1.46997385,2.1315476,1.392813,20,25,30,30,35,40
151,1.10391,1.63963,9.56122,12.9581,22.1315,21.7073,0,0,0,0,4.24463,6.71622,0,0,5.64518,5.6923,13.6277,14.3587,1.0382,1.05781,1.4678,1.76037,2.47664,1.99881,52,52,52,52,52,52,84.2506,89.5331,91.0161,98.5386,108.721,120.504,15.3,15.9,31.9,59.1667,65.7333,80.1333,89.0667,8,5,6.64518,9.6923,19.6277,21.3587,1.0382,1.05781,1.6483394,2.04731031,3.0710336,1.798929,20,25,30,30,35,40
152,0,2.69696,5.15321,2.16398,13.7283,13.2516,0,0,0,0,0.837858,3.301,0,0,2.93817,0,7.17438,7.96227,1,1.09878,1.2074,1.07774,1.7534,1.49631,52,52,52,52,52,52,84.1098,89.3783,90.1037,93.2177,110.477,119.337,14.7368,12.807,12.193,32.7193,69.2105,85.7018,86.7544,8,5,3.93817,4,13.17438,14.96227,1,1.09878,1.3559102,1.25341162,2.174216,1.346679,20,25,30,30,35,40
153,1.05851,2.23472,7.0288,6.12947,14.6853,14.6934,0,0,0,0,0,2.86927,0,0,3.80659,0.414852,6.49012,8.00878,1.03657,1.08049,1.30598,1.25678,1.9589,1.65054,52,52,52,52,52,52,84.3947,89.6916,90.5682,96.0076,103.497,119.908,15.8763,14.3814,22.5258,34.5876,51.5464,74.8969,87.8866,8,5,4.80659,4.414852,12.49012,15.00878,1.03657,1.08049,1.46661554,1.46163514,2.429036,1.485486,20,25,30,30,35,40
154,7.73847,7.87918,13.6463,13,19.0604,19.6782,0,0,0,0,1.53797,4.63735,1.35674,1.40354,6.85072,4.44735,9.79875,11.5371,1.34762,1.35619,1.83445,1.76471,2.40432,2.00546,52,52,52,52,52,52,88.2607,93.9442,95.0388,99.7653,104.61,120.143,31.3402,29.5361,36.4433,45.0515,56.1856,81.2887,88.3505,9.35674,6.40354,7.85072,8.44735,15.79875,18.5371,1.34762,1.35619,2.06008735,2.05235773,2.9813568,1.804914,20,25,30,30,35,40
155,6.35422,6.66426,13.0688,13.1652,16.8233,17.5823,0,0,1.69037,0,1.0739,3.95936,1.22912,1.3937,7.71355,5.35914,8.33849,10.176,1.26873,1.28558,1.61104,1.78202,2.10518,1.83183,52,52,52,52,52,52,87.1691,92.7434,94.5352,99.3934,102.005,120.178,26.9737,27.8289,35.0658,40.7237,45.3289,62.3026,88.4211,9.22912,6.3937,8.71355,9.35914,14.33849,17.176,1.26873,1.28558,1.80919792,2.07248926,2.6104232,1.648647,20,25,30,30,35,40
