Designator,Center-X(mm),Center-Y(mm),Layer,Rotation,
J3,8.279,0.425,BottomLayer,242.9,DNI
C2,5.2,5.6,TopLayer,180,
C4,1.2,0.8,TopLayer,360,
C6,3.1,1.7,TopLayer,180,
D1,2.2,6.4,TopLayer,360,
R1,5.2,3.4,TopLayer,360,
R2,5.1,2.3,TopLayer,180,
R3,5.2,4.5,TopLayer,360,
R4,-0.5,5.7,TopLayer,270,
R5,-0.5,4.1,TopLayer,270,
R6,0.7,6.4,TopLayer,180,
U1,2.1,4.2,TopLayer,90,
U2,3.1,0.2,TopLayer,270,
C5,4.6,0.1,TopLayer,270,
C7,7.73,3.58,TopLayer,150,
C8,6.4,0.3,TopLayer,270,
R7,7.1,1.8,TopLayer,150,
R8,5.2,1.3,TopLayer,360,
C1,7.2,2.8,TopLayer,330,
C3,1.6,1.7,TopLayer,180,
