Altium Designer Pick and Place Locations
C:\Users\Mark\Desktop\UCSD\hearing_aid\v7\jellybean_rigid_TH_20180518\Project Outputs for jellybean_rigid_TH_20180518\Pick Place for v7_jellybean_rigid_TH.csv

========================================================================================================================
File Design Information:

Date:       21/05/18
Time:       12:20
Revision:   Not in VersionControl
Variant:    No variations
Units used: mm

"Designator","Center-X(mm)","Center-Y(mm)","Layer","Rotation"
"J3","8.279","0.425","BottomLayer","242.9"
"TP6","-3.500","6.000","TopLayer","90"
"TP5","-2.800","4.800","TopLayer","90"
"TP4","0.000","0.000","TopLayer","90"
"TP3","-0.700","1.200","TopLayer","90"
"TP2","-2.100","3.600","TopLayer","90"
"TP1","-1.400","2.400","TopLayer","90"
"C2","5.200","5.600","TopLayer","180"
"C4","1.200","0.800","TopLayer","360"
"C6","3.100","1.700","TopLayer","180"
"D1","2.200","6.400","TopLayer","360"
"R1","5.200","3.400","TopLayer","360"
"R2","5.100","2.300","TopLayer","180"
"R3","5.200","4.500","TopLayer","360"
"R4","-0.500","5.700","TopLayer","270"
"R5","-0.500","4.100","TopLayer","270"
"R6","0.700","6.400","TopLayer","180"
"U1","2.100","4.200","TopLayer","90"
"U2","3.100","0.200","TopLayer","270"
"C5","4.600","0.100","TopLayer","270"
"C7","7.730","3.580","TopLayer","150"
"C8","6.400","0.300","TopLayer","270"
"R7","7.100","1.800","TopLayer","150"
"R8","5.200","1.300","TopLayer","360"
"C1","7.200","2.800","TopLayer","330"
"C3","1.600","1.700","TopLayer","180"
